-- products
insert into product(`id`, `title`, `suk`, `active`, `created`, `createdById`, `updated`, `updatedById`) values(1, 'test1', 'test_suk1', 1, NOW(), 100, NOW(), 100);
insert into product(`id`, `title`, `suk`, `active`, `created`, `createdById`, `updated`, `updatedById`) values(2, 'test2', 'test_suk2', 1, NOW(), 100, NOW(), 100);
insert into product(`id`, `title`, `suk`, `active`, `created`, `createdById`, `updated`, `updatedById`) values(3, 'test3', 'test_suk3', 1, NOW(), 100, NOW(), 100);
insert into product(`id`, `title`, `suk`, `active`, `created`, `createdById`, `updated`, `updatedById`) values(4, 'test4', 'test_suk4', 1, NOW(), 100, NOW(), 100);
insert into product(`id`, `title`, `suk`, `active`, `created`, `createdById`, `updated`, `updatedById`) values(5, 'test5', 'test_suk5', 1, NOW(), 100, NOW(), 100);
insert into product(`id`, `title`, `suk`, `active`, `created`, `createdById`, `updated`, `updatedById`) values(6, 'test6', 'test_suk6', 1, NOW(), 100, NOW(), 100);
insert into product(`id`, `title`, `suk`, `active`, `created`, `createdById`, `updated`, `updatedById`) values(7, 'test7', 'test_suk7', 1, NOW(), 100, NOW(), 100);
insert into product(`id`, `title`, `suk`, `active`, `created`, `createdById`, `updated`, `updatedById`) values(8, 'test8', 'test_suk8', 1, NOW(), 100, NOW(), 100);
insert into product(`id`, `title`, `suk`, `active`, `created`, `createdById`, `updated`, `updatedById`) values(9, 'test9', 'test_suk9', 1, NOW(), 100, NOW(), 100);
insert into product(`id`, `title`, `suk`, `active`, `created`, `createdById`, `updated`, `updatedById`) values(10, 'test10', 'test_suk10', 1, NOW(), 100, NOW(), 100);
insert into product(`id`, `title`, `suk`, `active`, `created`, `createdById`, `updated`, `updatedById`) values(11, 'test11', 'test_suk11', 1, NOW(), 100, NOW(), 100);
insert into product(`id`, `title`, `suk`, `active`, `created`, `createdById`, `updated`, `updatedById`) values(12, 'test12', 'test_suk12', 1, NOW(), 100, NOW(), 100);
insert into product(`id`, `title`, `suk`, `active`, `created`, `createdById`, `updated`, `updatedById`) values(13, 'test13', 'test_suk13', 1, NOW(), 100, NOW(), 100);
insert into product(`id`, `title`, `suk`, `active`, `created`, `createdById`, `updated`, `updatedById`) values(14, 'test14', 'test_suk14', 1, NOW(), 100, NOW(), 100);
insert into product(`id`, `title`, `suk`, `active`, `created`, `createdById`, `updated`, `updatedById`) values(15, 'test15', 'test_suk15', 1, NOW(), 100, NOW(), 100);
insert into product(`id`, `title`, `suk`, `active`, `created`, `createdById`, `updated`, `updatedById`) values(16, 'test16', 'test_suk16', 1, NOW(), 100, NOW(), 100);
insert into product(`id`, `title`, `suk`, `active`, `created`, `createdById`, `updated`, `updatedById`) values(17, 'test17', 'test_suk17', 1, NOW(), 100, NOW(), 100);
insert into product(`id`, `title`, `suk`, `active`, `created`, `createdById`, `updated`, `updatedById`) values(18, 'test18', 'test_suk18', 1, NOW(), 100, NOW(), 100);
insert into product(`id`, `title`, `suk`, `active`, `created`, `createdById`, `updated`, `updatedById`) values(19, 'test19', 'test_suk19', 1, NOW(), 100, NOW(), 100);
insert into product(`id`, `title`, `suk`, `active`, `created`, `createdById`, `updated`, `updatedById`) values(20, 'test20', 'test_suk20', 1, NOW(), 100, NOW(), 100);


-- category
insert into category(`id`, `name`, `rootId`, `parentId`, `position`, `active`, `created`, `createdById`, `updated`, `updatedById`) values (1, '简体中文', 1, null, '1', 1,  NOW(), 100, NOW(), 100);
insert into category(`id`, `name`, `rootId`, `parentId`, `position`, `active`, `created`, `createdById`, `updated`, `updatedById`) values (2, '繁體中文', 2, null, '1', 1,  NOW(), 100, NOW(), 100);
insert into category(`id`, `name`, `rootId`, `parentId`, `position`, `active`, `created`, `createdById`, `updated`, `updatedById`) values (3, 'category3', 3, null, '1', 1,  NOW(), 100, NOW(), 100);
insert into category(`id`, `name`, `rootId`, `parentId`, `position`, `active`, `created`, `createdById`, `updated`, `updatedById`) values (4, 'category4', 4, null, '1', 1,  NOW(), 100, NOW(), 100);
insert into category(`id`, `name`, `rootId`, `parentId`, `position`, `active`, `created`, `createdById`, `updated`, `updatedById`) values (5, 'category5', 5, null, '1', 1,  NOW(), 100, NOW(), 100);
insert into category(`id`, `name`, `rootId`, `parentId`, `position`, `active`, `created`, `createdById`, `updated`, `updatedById`) values (6, 'category6', 6, null, '1', 1,  NOW(), 100, NOW(), 100);
insert into category(`id`, `name`, `rootId`, `parentId`, `position`, `active`, `created`, `createdById`, `updated`, `updatedById`) values (7, 'category7', 7, null, '1', 1,  NOW(), 100, NOW(), 100);
insert into category(`id`, `name`, `rootId`, `parentId`, `position`, `active`, `created`, `createdById`, `updated`, `updatedById`) values (8, 'category8', 8, null, '1', 1,  NOW(), 100, NOW(), 100);
insert into category(`id`, `name`, `rootId`, `parentId`, `position`, `active`, `created`, `createdById`, `updated`, `updatedById`) values (9, 'category9', 9, null, '1', 1,  NOW(), 100, NOW(), 100);
insert into category(`id`, `name`, `rootId`, `parentId`, `position`, `active`, `created`, `createdById`, `updated`, `updatedById`) values (10, 'category10', 10, null, '1', 1,  NOW(), 100, NOW(), 100);
insert into category(`id`, `name`, `rootId`, `parentId`, `position`, `active`, `created`, `createdById`, `updated`, `updatedById`) values (11, 'category11', 11, null, '1', 1,  NOW(), 100, NOW(), 100);
insert into category(`id`, `name`, `rootId`, `parentId`, `position`, `active`, `created`, `createdById`, `updated`, `updatedById`) values (12, 'category12', 12, null, '1', 1,  NOW(), 100, NOW(), 100);
insert into category(`id`, `name`, `rootId`, `parentId`, `position`, `active`, `created`, `createdById`, `updated`, `updatedById`) values (13, 'category13', 13, null, '1', 1,  NOW(), 100, NOW(), 100);
insert into category(`id`, `name`, `rootId`, `parentId`, `position`, `active`, `created`, `createdById`, `updated`, `updatedById`) values (14, 'category14', 14, null, '1', 1,  NOW(), 100, NOW(), 100);
insert into category(`id`, `name`, `rootId`, `parentId`, `position`, `active`, `created`, `createdById`, `updated`, `updatedById`) values (15, 'category15', 15, null, '1', 1,  NOW(), 100, NOW(), 100);
insert into category(`id`, `name`, `rootId`, `parentId`, `position`, `active`, `created`, `createdById`, `updated`, `updatedById`) values (16, 'category16', 16, null, '1', 1,  NOW(), 100, NOW(), 100);
insert into category(`id`, `name`, `rootId`, `parentId`, `position`, `active`, `created`, `createdById`, `updated`, `updatedById`) values (17, 'category17', 17, null, '1', 1,  NOW(), 100, NOW(), 100);
insert into category(`id`, `name`, `rootId`, `parentId`, `position`, `active`, `created`, `createdById`, `updated`, `updatedById`) values (18, 'category18', 18, null, '1', 1,  NOW(), 100, NOW(), 100);
insert into category(`id`, `name`, `rootId`, `parentId`, `position`, `active`, `created`, `createdById`, `updated`, `updatedById`) values (19, 'category19', 19, null, '1', 1,  NOW(), 100, NOW(), 100);
insert into category(`id`, `name`, `rootId`, `parentId`, `position`, `active`, `created`, `createdById`, `updated`, `updatedById`) values (20, 'category20', 20, null, '1', 1,  NOW(), 100, NOW(), 100);


-- category_product
insert into category_product(`productId`, `categoryId`, `created`, `createdById`) values (1, 1,NOW(), 100);
insert into category_product(`productId`, `categoryId`, `created`, `createdById`) values (2, 2,NOW(), 100);
insert into category_product(`productId`, `categoryId`, `created`, `createdById`) values (3, 3,NOW(), 100);
insert into category_product(`productId`, `categoryId`, `created`, `createdById`) values (4, 4,NOW(), 100);
insert into category_product(`productId`, `categoryId`, `created`, `createdById`) values (5, 5,NOW(), 100);
insert into category_product(`productId`, `categoryId`, `created`, `createdById`) values (6, 6,NOW(), 100);
insert into category_product(`productId`, `categoryId`, `created`, `createdById`) values (7, 7,NOW(), 100);
insert into category_product(`productId`, `categoryId`, `created`, `createdById`) values (8, 8,NOW(), 100);
insert into category_product(`productId`, `categoryId`, `created`, `createdById`) values (9, 9,NOW(), 100);
insert into category_product(`productId`, `categoryId`, `created`, `createdById`) values (10, 10,NOW(), 100);
insert into category_product(`productId`, `categoryId`, `created`, `createdById`) values (11, 11,NOW(), 100);
insert into category_product(`productId`, `categoryId`, `created`, `createdById`) values (12, 12,NOW(), 100);
insert into category_product(`productId`, `categoryId`, `created`, `createdById`) values (13, 13,NOW(), 100);
insert into category_product(`productId`, `categoryId`, `created`, `createdById`) values (14, 14,NOW(), 100);
insert into category_product(`productId`, `categoryId`, `created`, `createdById`) values (15, 15,NOW(), 100);
insert into category_product(`productId`, `categoryId`, `created`, `createdById`) values (16, 16,NOW(), 100);
insert into category_product(`productId`, `categoryId`, `created`, `createdById`) values (17, 17,NOW(), 100);
insert into category_product(`productId`, `categoryId`, `created`, `createdById`) values (18, 18,NOW(), 100);
insert into category_product(`productId`, `categoryId`, `created`, `createdById`) values (19, 19,NOW(), 100);
insert into category_product(`productId`, `categoryId`, `created`, `createdById`) values (20, 20,NOW(), 100);
insert into category_product(`productId`, `categoryId`, `created`, `createdById`) values (2, 1,NOW(), 100);
insert into category_product(`productId`, `categoryId`, `created`, `createdById`) values (1, 2,NOW(), 100);
insert into category_product(`productId`, `categoryId`, `created`, `createdById`) values (4, 3,NOW(), 100);
insert into category_product(`productId`, `categoryId`, `created`, `createdById`) values (3, 4,NOW(), 100);
insert into category_product(`productId`, `categoryId`, `created`, `createdById`) values (6, 5,NOW(), 100);
insert into category_product(`productId`, `categoryId`, `created`, `createdById`) values (5, 6,NOW(), 100);
insert into category_product(`productId`, `categoryId`, `created`, `createdById`) values (8, 7,NOW(), 100);
insert into category_product(`productId`, `categoryId`, `created`, `createdById`) values (7, 8,NOW(), 100);
insert into category_product(`productId`, `categoryId`, `created`, `createdById`) values (10, 9,NOW(), 100);
insert into category_product(`productId`, `categoryId`, `created`, `createdById`) values (9, 10,NOW(), 100);
insert into category_product(`productId`, `categoryId`, `created`, `createdById`) values (12, 11,NOW(), 100);
insert into category_product(`productId`, `categoryId`, `created`, `createdById`) values (11, 12,NOW(), 100);
insert into category_product(`productId`, `categoryId`, `created`, `createdById`) values (14, 13,NOW(), 100);
insert into category_product(`productId`, `categoryId`, `created`, `createdById`) values (13, 14,NOW(), 100);
insert into category_product(`productId`, `categoryId`, `created`, `createdById`) values (16, 15,NOW(), 100);
insert into category_product(`productId`, `categoryId`, `created`, `createdById`) values (15, 16,NOW(), 100);
insert into category_product(`productId`, `categoryId`, `created`, `createdById`) values (18, 17,NOW(), 100);
insert into category_product(`productId`, `categoryId`, `created`, `createdById`) values (17, 18,NOW(), 100);
insert into category_product(`productId`, `categoryId`, `created`, `createdById`) values (20, 19,NOW(), 100);
insert into category_product(`productId`, `categoryId`, `created`, `createdById`) values (19, 20,NOW(), 100);


-- attributes
insert into productattribute(`productId`, `typeId`, `attribute`, `active`, `created`, `createdById`, `updated`, `updatedById`) values (1, 1, 'attribute_type1_product1', 1, NOW(), 100, NOW(), 100);
insert into productattribute(`productId`, `typeId`, `attribute`, `active`, `created`, `createdById`, `updated`, `updatedById`) values (1, 2, 'attribute_type2_product1', 1, NOW(), 100, NOW(), 100);
insert into productattribute(`productId`, `typeId`, `attribute`, `active`, `created`, `createdById`, `updated`, `updatedById`) values (1, 3, 'attribute_type3_product1', 1, NOW(), 100, NOW(), 100);
insert into productattribute(`productId`, `typeId`, `attribute`, `active`, `created`, `createdById`, `updated`, `updatedById`) values (1, 4, 'attribute_type4_product1', 1, NOW(), 100, NOW(), 100);
insert into productattribute(`productId`, `typeId`, `attribute`, `active`, `created`, `createdById`, `updated`, `updatedById`) values (1, 5, 'attribute_type5_product1', 1, NOW(), 100, NOW(), 100);
insert into productattribute(`productId`, `typeId`, `attribute`, `active`, `created`, `createdById`, `updated`, `updatedById`) values (1, 6, 'attribute_type6_product1', 1, NOW(), 100, NOW(), 100);
insert into productattribute(`productId`, `typeId`, `attribute`, `active`, `created`, `createdById`, `updated`, `updatedById`) values (1, 7, 'attribute_type7_product1', 1, NOW(), 100, NOW(), 100);
insert into productattribute(`productId`, `typeId`, `attribute`, `active`, `created`, `createdById`, `updated`, `updatedById`) values (1, 8, 'attribute_type8_product1', 1, NOW(), 100, NOW(), 100);
insert into productattribute(`productId`, `typeId`, `attribute`, `active`, `created`, `createdById`, `updated`, `updatedById`) values (2, 1, 'attribute_type1_product2', 1, NOW(), 100, NOW(), 100);
insert into productattribute(`productId`, `typeId`, `attribute`, `active`, `created`, `createdById`, `updated`, `updatedById`) values (2, 2, 'attribute_type2_product2', 1, NOW(), 100, NOW(), 100);
insert into productattribute(`productId`, `typeId`, `attribute`, `active`, `created`, `createdById`, `updated`, `updatedById`) values (2, 3, 'attribute_type3_product2', 1, NOW(), 100, NOW(), 100);
insert into productattribute(`productId`, `typeId`, `attribute`, `active`, `created`, `createdById`, `updated`, `updatedById`) values (2, 4, 'attribute_type4_product2', 1, NOW(), 100, NOW(), 100);
insert into productattribute(`productId`, `typeId`, `attribute`, `active`, `created`, `createdById`, `updated`, `updatedById`) values (2, 5, 'attribute_type5_product2', 1, NOW(), 100, NOW(), 100);
insert into productattribute(`productId`, `typeId`, `attribute`, `active`, `created`, `createdById`, `updated`, `updatedById`) values (2, 6, 'attribute_type6_product2', 1, NOW(), 100, NOW(), 100);
insert into productattribute(`productId`, `typeId`, `attribute`, `active`, `created`, `createdById`, `updated`, `updatedById`) values (2, 7, 'attribute_type7_product2', 1, NOW(), 100, NOW(), 100);
insert into productattribute(`productId`, `typeId`, `attribute`, `active`, `created`, `createdById`, `updated`, `updatedById`) values (2, 8, 'attribute_type8_product2', 1, NOW(), 100, NOW(), 100);
insert into productattribute(`productId`, `typeId`, `attribute`, `active`, `created`, `createdById`, `updated`, `updatedById`) values (3, 1, 'attribute_type1_product3', 1, NOW(), 100, NOW(), 100);
insert into productattribute(`productId`, `typeId`, `attribute`, `active`, `created`, `createdById`, `updated`, `updatedById`) values (3, 2, 'attribute_type2_product3', 1, NOW(), 100, NOW(), 100);
insert into productattribute(`productId`, `typeId`, `attribute`, `active`, `created`, `createdById`, `updated`, `updatedById`) values (3, 3, 'attribute_type3_product3', 1, NOW(), 100, NOW(), 100);
insert into productattribute(`productId`, `typeId`, `attribute`, `active`, `created`, `createdById`, `updated`, `updatedById`) values (3, 4, 'attribute_type4_product3', 1, NOW(), 100, NOW(), 100);
insert into productattribute(`productId`, `typeId`, `attribute`, `active`, `created`, `createdById`, `updated`, `updatedById`) values (3, 5, 'attribute_type5_product3', 1, NOW(), 100, NOW(), 100);
insert into productattribute(`productId`, `typeId`, `attribute`, `active`, `created`, `createdById`, `updated`, `updatedById`) values (3, 6, 'attribute_type6_product3', 1, NOW(), 100, NOW(), 100);
insert into productattribute(`productId`, `typeId`, `attribute`, `active`, `created`, `createdById`, `updated`, `updatedById`) values (3, 7, 'attribute_type7_product3', 1, NOW(), 100, NOW(), 100);
insert into productattribute(`productId`, `typeId`, `attribute`, `active`, `created`, `createdById`, `updated`, `updatedById`) values (3, 8, 'attribute_type8_product3', 1, NOW(), 100, NOW(), 100);
insert into productattribute(`productId`, `typeId`, `attribute`, `active`, `created`, `createdById`, `updated`, `updatedById`) values (4, 1, 'attribute_type1_product4', 1, NOW(), 100, NOW(), 100);
insert into productattribute(`productId`, `typeId`, `attribute`, `active`, `created`, `createdById`, `updated`, `updatedById`) values (4, 2, 'attribute_type2_product4', 1, NOW(), 100, NOW(), 100);
insert into productattribute(`productId`, `typeId`, `attribute`, `active`, `created`, `createdById`, `updated`, `updatedById`) values (4, 3, 'attribute_type3_product4', 1, NOW(), 100, NOW(), 100);
insert into productattribute(`productId`, `typeId`, `attribute`, `active`, `created`, `createdById`, `updated`, `updatedById`) values (4, 4, 'attribute_type4_product4', 1, NOW(), 100, NOW(), 100);
insert into productattribute(`productId`, `typeId`, `attribute`, `active`, `created`, `createdById`, `updated`, `updatedById`) values (4, 5, 'attribute_type5_product4', 1, NOW(), 100, NOW(), 100);
insert into productattribute(`productId`, `typeId`, `attribute`, `active`, `created`, `createdById`, `updated`, `updatedById`) values (4, 6, 'attribute_type6_product4', 1, NOW(), 100, NOW(), 100);
insert into productattribute(`productId`, `typeId`, `attribute`, `active`, `created`, `createdById`, `updated`, `updatedById`) values (4, 7, 'attribute_type7_product4', 1, NOW(), 100, NOW(), 100);
insert into productattribute(`productId`, `typeId`, `attribute`, `active`, `created`, `createdById`, `updated`, `updatedById`) values (4, 8, 'attribute_type8_product4', 1, NOW(), 100, NOW(), 100);
insert into productattribute(`productId`, `typeId`, `attribute`, `active`, `created`, `createdById`, `updated`, `updatedById`) values (5, 1, 'attribute_type1_product5', 1, NOW(), 100, NOW(), 100);
insert into productattribute(`productId`, `typeId`, `attribute`, `active`, `created`, `createdById`, `updated`, `updatedById`) values (5, 2, 'attribute_type2_product5', 1, NOW(), 100, NOW(), 100);
insert into productattribute(`productId`, `typeId`, `attribute`, `active`, `created`, `createdById`, `updated`, `updatedById`) values (5, 3, 'attribute_type3_product5', 1, NOW(), 100, NOW(), 100);
insert into productattribute(`productId`, `typeId`, `attribute`, `active`, `created`, `createdById`, `updated`, `updatedById`) values (5, 4, 'attribute_type4_product5', 1, NOW(), 100, NOW(), 100);
insert into productattribute(`productId`, `typeId`, `attribute`, `active`, `created`, `createdById`, `updated`, `updatedById`) values (5, 5, 'attribute_type5_product5', 1, NOW(), 100, NOW(), 100);
insert into productattribute(`productId`, `typeId`, `attribute`, `active`, `created`, `createdById`, `updated`, `updatedById`) values (5, 6, 'attribute_type6_product5', 1, NOW(), 100, NOW(), 100);
insert into productattribute(`productId`, `typeId`, `attribute`, `active`, `created`, `createdById`, `updated`, `updatedById`) values (5, 7, 'attribute_type7_product5', 1, NOW(), 100, NOW(), 100);
insert into productattribute(`productId`, `typeId`, `attribute`, `active`, `created`, `createdById`, `updated`, `updatedById`) values (5, 8, 'attribute_type8_product5', 1, NOW(), 100, NOW(), 100);
insert into productattribute(`productId`, `typeId`, `attribute`, `active`, `created`, `createdById`, `updated`, `updatedById`) values (6, 1, 'attribute_type1_product6', 1, NOW(), 100, NOW(), 100);
insert into productattribute(`productId`, `typeId`, `attribute`, `active`, `created`, `createdById`, `updated`, `updatedById`) values (6, 2, 'attribute_type2_product6', 1, NOW(), 100, NOW(), 100);
insert into productattribute(`productId`, `typeId`, `attribute`, `active`, `created`, `createdById`, `updated`, `updatedById`) values (6, 3, 'attribute_type3_product6', 1, NOW(), 100, NOW(), 100);
insert into productattribute(`productId`, `typeId`, `attribute`, `active`, `created`, `createdById`, `updated`, `updatedById`) values (6, 4, 'attribute_type4_product6', 1, NOW(), 100, NOW(), 100);
insert into productattribute(`productId`, `typeId`, `attribute`, `active`, `created`, `createdById`, `updated`, `updatedById`) values (6, 5, 'attribute_type5_product6', 1, NOW(), 100, NOW(), 100);
insert into productattribute(`productId`, `typeId`, `attribute`, `active`, `created`, `createdById`, `updated`, `updatedById`) values (6, 6, 'attribute_type6_product6', 1, NOW(), 100, NOW(), 100);
insert into productattribute(`productId`, `typeId`, `attribute`, `active`, `created`, `createdById`, `updated`, `updatedById`) values (6, 7, 'attribute_type7_product6', 1, NOW(), 100, NOW(), 100);
insert into productattribute(`productId`, `typeId`, `attribute`, `active`, `created`, `createdById`, `updated`, `updatedById`) values (6, 8, 'attribute_type8_product6', 1, NOW(), 100, NOW(), 100);
insert into productattribute(`productId`, `typeId`, `attribute`, `active`, `created`, `createdById`, `updated`, `updatedById`) values (7, 1, 'attribute_type1_product7', 1, NOW(), 100, NOW(), 100);
insert into productattribute(`productId`, `typeId`, `attribute`, `active`, `created`, `createdById`, `updated`, `updatedById`) values (7, 2, 'attribute_type2_product7', 1, NOW(), 100, NOW(), 100);
insert into productattribute(`productId`, `typeId`, `attribute`, `active`, `created`, `createdById`, `updated`, `updatedById`) values (7, 3, 'attribute_type3_product7', 1, NOW(), 100, NOW(), 100);
insert into productattribute(`productId`, `typeId`, `attribute`, `active`, `created`, `createdById`, `updated`, `updatedById`) values (7, 4, 'attribute_type4_product7', 1, NOW(), 100, NOW(), 100);
insert into productattribute(`productId`, `typeId`, `attribute`, `active`, `created`, `createdById`, `updated`, `updatedById`) values (7, 5, 'attribute_type5_product7', 1, NOW(), 100, NOW(), 100);
insert into productattribute(`productId`, `typeId`, `attribute`, `active`, `created`, `createdById`, `updated`, `updatedById`) values (7, 6, 'attribute_type6_product7', 1, NOW(), 100, NOW(), 100);
insert into productattribute(`productId`, `typeId`, `attribute`, `active`, `created`, `createdById`, `updated`, `updatedById`) values (7, 7, 'attribute_type7_product7', 1, NOW(), 100, NOW(), 100);
insert into productattribute(`productId`, `typeId`, `attribute`, `active`, `created`, `createdById`, `updated`, `updatedById`) values (7, 8, 'attribute_type8_product7', 1, NOW(), 100, NOW(), 100);
insert into productattribute(`productId`, `typeId`, `attribute`, `active`, `created`, `createdById`, `updated`, `updatedById`) values (8, 1, 'attribute_type1_product8', 1, NOW(), 100, NOW(), 100);
insert into productattribute(`productId`, `typeId`, `attribute`, `active`, `created`, `createdById`, `updated`, `updatedById`) values (8, 2, 'attribute_type2_product8', 1, NOW(), 100, NOW(), 100);
insert into productattribute(`productId`, `typeId`, `attribute`, `active`, `created`, `createdById`, `updated`, `updatedById`) values (8, 3, 'attribute_type3_product8', 1, NOW(), 100, NOW(), 100);
insert into productattribute(`productId`, `typeId`, `attribute`, `active`, `created`, `createdById`, `updated`, `updatedById`) values (8, 4, 'attribute_type4_product8', 1, NOW(), 100, NOW(), 100);
insert into productattribute(`productId`, `typeId`, `attribute`, `active`, `created`, `createdById`, `updated`, `updatedById`) values (8, 5, 'attribute_type5_product8', 1, NOW(), 100, NOW(), 100);
insert into productattribute(`productId`, `typeId`, `attribute`, `active`, `created`, `createdById`, `updated`, `updatedById`) values (8, 6, 'attribute_type6_product8', 1, NOW(), 100, NOW(), 100);
insert into productattribute(`productId`, `typeId`, `attribute`, `active`, `created`, `createdById`, `updated`, `updatedById`) values (8, 7, 'attribute_type7_product8', 1, NOW(), 100, NOW(), 100);
insert into productattribute(`productId`, `typeId`, `attribute`, `active`, `created`, `createdById`, `updated`, `updatedById`) values (8, 8, 'attribute_type8_product8', 1, NOW(), 100, NOW(), 100);
insert into productattribute(`productId`, `typeId`, `attribute`, `active`, `created`, `createdById`, `updated`, `updatedById`) values (9, 1, 'attribute_type1_product9', 1, NOW(), 100, NOW(), 100);
insert into productattribute(`productId`, `typeId`, `attribute`, `active`, `created`, `createdById`, `updated`, `updatedById`) values (9, 2, 'attribute_type2_product9', 1, NOW(), 100, NOW(), 100);
insert into productattribute(`productId`, `typeId`, `attribute`, `active`, `created`, `createdById`, `updated`, `updatedById`) values (9, 3, 'attribute_type3_product9', 1, NOW(), 100, NOW(), 100);
insert into productattribute(`productId`, `typeId`, `attribute`, `active`, `created`, `createdById`, `updated`, `updatedById`) values (9, 4, 'attribute_type4_product9', 1, NOW(), 100, NOW(), 100);
insert into productattribute(`productId`, `typeId`, `attribute`, `active`, `created`, `createdById`, `updated`, `updatedById`) values (9, 5, 'attribute_type5_product9', 1, NOW(), 100, NOW(), 100);
insert into productattribute(`productId`, `typeId`, `attribute`, `active`, `created`, `createdById`, `updated`, `updatedById`) values (9, 6, 'attribute_type6_product9', 1, NOW(), 100, NOW(), 100);
insert into productattribute(`productId`, `typeId`, `attribute`, `active`, `created`, `createdById`, `updated`, `updatedById`) values (9, 7, 'attribute_type7_product9', 1, NOW(), 100, NOW(), 100);
insert into productattribute(`productId`, `typeId`, `attribute`, `active`, `created`, `createdById`, `updated`, `updatedById`) values (9, 8, 'attribute_type8_product9', 1, NOW(), 100, NOW(), 100);
insert into productattribute(`productId`, `typeId`, `attribute`, `active`, `created`, `createdById`, `updated`, `updatedById`) values (10, 1, 'attribute_type1_product10', 1, NOW(), 100, NOW(), 100);
insert into productattribute(`productId`, `typeId`, `attribute`, `active`, `created`, `createdById`, `updated`, `updatedById`) values (10, 2, 'attribute_type2_product10', 1, NOW(), 100, NOW(), 100);
insert into productattribute(`productId`, `typeId`, `attribute`, `active`, `created`, `createdById`, `updated`, `updatedById`) values (10, 3, 'attribute_type3_product10', 1, NOW(), 100, NOW(), 100);
insert into productattribute(`productId`, `typeId`, `attribute`, `active`, `created`, `createdById`, `updated`, `updatedById`) values (10, 4, 'attribute_type4_product10', 1, NOW(), 100, NOW(), 100);
insert into productattribute(`productId`, `typeId`, `attribute`, `active`, `created`, `createdById`, `updated`, `updatedById`) values (10, 5, 'attribute_type5_product10', 1, NOW(), 100, NOW(), 100);
insert into productattribute(`productId`, `typeId`, `attribute`, `active`, `created`, `createdById`, `updated`, `updatedById`) values (10, 6, 'attribute_type6_product10', 1, NOW(), 100, NOW(), 100);
insert into productattribute(`productId`, `typeId`, `attribute`, `active`, `created`, `createdById`, `updated`, `updatedById`) values (10, 7, 'attribute_type7_product10', 1, NOW(), 100, NOW(), 100);
insert into productattribute(`productId`, `typeId`, `attribute`, `active`, `created`, `createdById`, `updated`, `updatedById`) values (10, 8, 'attribute_type8_product10', 1, NOW(), 100, NOW(), 100);
insert into productattribute(`productId`, `typeId`, `attribute`, `active`, `created`, `createdById`, `updated`, `updatedById`) values (11, 1, 'attribute_type1_product11', 1, NOW(), 100, NOW(), 100);
insert into productattribute(`productId`, `typeId`, `attribute`, `active`, `created`, `createdById`, `updated`, `updatedById`) values (11, 2, 'attribute_type2_product11', 1, NOW(), 100, NOW(), 100);
insert into productattribute(`productId`, `typeId`, `attribute`, `active`, `created`, `createdById`, `updated`, `updatedById`) values (11, 3, 'attribute_type3_product11', 1, NOW(), 100, NOW(), 100);
insert into productattribute(`productId`, `typeId`, `attribute`, `active`, `created`, `createdById`, `updated`, `updatedById`) values (11, 4, 'attribute_type4_product11', 1, NOW(), 100, NOW(), 100);
insert into productattribute(`productId`, `typeId`, `attribute`, `active`, `created`, `createdById`, `updated`, `updatedById`) values (11, 5, 'attribute_type5_product11', 1, NOW(), 100, NOW(), 100);
insert into productattribute(`productId`, `typeId`, `attribute`, `active`, `created`, `createdById`, `updated`, `updatedById`) values (11, 6, 'attribute_type6_product11', 1, NOW(), 100, NOW(), 100);
insert into productattribute(`productId`, `typeId`, `attribute`, `active`, `created`, `createdById`, `updated`, `updatedById`) values (11, 7, 'attribute_type7_product11', 1, NOW(), 100, NOW(), 100);
insert into productattribute(`productId`, `typeId`, `attribute`, `active`, `created`, `createdById`, `updated`, `updatedById`) values (11, 8, 'attribute_type8_product11', 1, NOW(), 100, NOW(), 100);
insert into productattribute(`productId`, `typeId`, `attribute`, `active`, `created`, `createdById`, `updated`, `updatedById`) values (12, 1, 'attribute_type1_product12', 1, NOW(), 100, NOW(), 100);
insert into productattribute(`productId`, `typeId`, `attribute`, `active`, `created`, `createdById`, `updated`, `updatedById`) values (12, 2, 'attribute_type2_product12', 1, NOW(), 100, NOW(), 100);
insert into productattribute(`productId`, `typeId`, `attribute`, `active`, `created`, `createdById`, `updated`, `updatedById`) values (12, 3, 'attribute_type3_product12', 1, NOW(), 100, NOW(), 100);
insert into productattribute(`productId`, `typeId`, `attribute`, `active`, `created`, `createdById`, `updated`, `updatedById`) values (12, 4, 'attribute_type4_product12', 1, NOW(), 100, NOW(), 100);
insert into productattribute(`productId`, `typeId`, `attribute`, `active`, `created`, `createdById`, `updated`, `updatedById`) values (12, 5, 'attribute_type5_product12', 1, NOW(), 100, NOW(), 100);
insert into productattribute(`productId`, `typeId`, `attribute`, `active`, `created`, `createdById`, `updated`, `updatedById`) values (12, 6, 'attribute_type6_product12', 1, NOW(), 100, NOW(), 100);
insert into productattribute(`productId`, `typeId`, `attribute`, `active`, `created`, `createdById`, `updated`, `updatedById`) values (12, 7, 'attribute_type7_product12', 1, NOW(), 100, NOW(), 100);
insert into productattribute(`productId`, `typeId`, `attribute`, `active`, `created`, `createdById`, `updated`, `updatedById`) values (12, 8, 'attribute_type8_product12', 1, NOW(), 100, NOW(), 100);
insert into productattribute(`productId`, `typeId`, `attribute`, `active`, `created`, `createdById`, `updated`, `updatedById`) values (13, 1, 'attribute_type1_product13', 1, NOW(), 100, NOW(), 100);
insert into productattribute(`productId`, `typeId`, `attribute`, `active`, `created`, `createdById`, `updated`, `updatedById`) values (13, 2, 'attribute_type2_product13', 1, NOW(), 100, NOW(), 100);
insert into productattribute(`productId`, `typeId`, `attribute`, `active`, `created`, `createdById`, `updated`, `updatedById`) values (13, 3, 'attribute_type3_product13', 1, NOW(), 100, NOW(), 100);
insert into productattribute(`productId`, `typeId`, `attribute`, `active`, `created`, `createdById`, `updated`, `updatedById`) values (13, 4, 'attribute_type4_product13', 1, NOW(), 100, NOW(), 100);
insert into productattribute(`productId`, `typeId`, `attribute`, `active`, `created`, `createdById`, `updated`, `updatedById`) values (13, 5, 'attribute_type5_product13', 1, NOW(), 100, NOW(), 100);
insert into productattribute(`productId`, `typeId`, `attribute`, `active`, `created`, `createdById`, `updated`, `updatedById`) values (13, 6, 'attribute_type6_product13', 1, NOW(), 100, NOW(), 100);
insert into productattribute(`productId`, `typeId`, `attribute`, `active`, `created`, `createdById`, `updated`, `updatedById`) values (13, 7, 'attribute_type7_product13', 1, NOW(), 100, NOW(), 100);
insert into productattribute(`productId`, `typeId`, `attribute`, `active`, `created`, `createdById`, `updated`, `updatedById`) values (13, 8, 'attribute_type8_product13', 1, NOW(), 100, NOW(), 100);
insert into productattribute(`productId`, `typeId`, `attribute`, `active`, `created`, `createdById`, `updated`, `updatedById`) values (14, 1, 'attribute_type1_product14', 1, NOW(), 100, NOW(), 100);
insert into productattribute(`productId`, `typeId`, `attribute`, `active`, `created`, `createdById`, `updated`, `updatedById`) values (14, 2, 'attribute_type2_product14', 1, NOW(), 100, NOW(), 100);
insert into productattribute(`productId`, `typeId`, `attribute`, `active`, `created`, `createdById`, `updated`, `updatedById`) values (14, 3, 'attribute_type3_product14', 1, NOW(), 100, NOW(), 100);
insert into productattribute(`productId`, `typeId`, `attribute`, `active`, `created`, `createdById`, `updated`, `updatedById`) values (14, 4, 'attribute_type4_product14', 1, NOW(), 100, NOW(), 100);
insert into productattribute(`productId`, `typeId`, `attribute`, `active`, `created`, `createdById`, `updated`, `updatedById`) values (14, 5, 'attribute_type5_product14', 1, NOW(), 100, NOW(), 100);
insert into productattribute(`productId`, `typeId`, `attribute`, `active`, `created`, `createdById`, `updated`, `updatedById`) values (14, 6, 'attribute_type6_product14', 1, NOW(), 100, NOW(), 100);
insert into productattribute(`productId`, `typeId`, `attribute`, `active`, `created`, `createdById`, `updated`, `updatedById`) values (14, 7, 'attribute_type7_product14', 1, NOW(), 100, NOW(), 100);
insert into productattribute(`productId`, `typeId`, `attribute`, `active`, `created`, `createdById`, `updated`, `updatedById`) values (14, 8, 'attribute_type8_product14', 1, NOW(), 100, NOW(), 100);
insert into productattribute(`productId`, `typeId`, `attribute`, `active`, `created`, `createdById`, `updated`, `updatedById`) values (15, 1, 'attribute_type1_product15', 1, NOW(), 100, NOW(), 100);
insert into productattribute(`productId`, `typeId`, `attribute`, `active`, `created`, `createdById`, `updated`, `updatedById`) values (15, 2, 'attribute_type2_product15', 1, NOW(), 100, NOW(), 100);
insert into productattribute(`productId`, `typeId`, `attribute`, `active`, `created`, `createdById`, `updated`, `updatedById`) values (15, 3, 'attribute_type3_product15', 1, NOW(), 100, NOW(), 100);
insert into productattribute(`productId`, `typeId`, `attribute`, `active`, `created`, `createdById`, `updated`, `updatedById`) values (15, 4, 'attribute_type4_product15', 1, NOW(), 100, NOW(), 100);
insert into productattribute(`productId`, `typeId`, `attribute`, `active`, `created`, `createdById`, `updated`, `updatedById`) values (15, 5, 'attribute_type5_product15', 1, NOW(), 100, NOW(), 100);
insert into productattribute(`productId`, `typeId`, `attribute`, `active`, `created`, `createdById`, `updated`, `updatedById`) values (15, 6, 'attribute_type6_product15', 1, NOW(), 100, NOW(), 100);
insert into productattribute(`productId`, `typeId`, `attribute`, `active`, `created`, `createdById`, `updated`, `updatedById`) values (15, 7, 'attribute_type7_product15', 1, NOW(), 100, NOW(), 100);
insert into productattribute(`productId`, `typeId`, `attribute`, `active`, `created`, `createdById`, `updated`, `updatedById`) values (15, 8, 'attribute_type8_product15', 1, NOW(), 100, NOW(), 100);
insert into productattribute(`productId`, `typeId`, `attribute`, `active`, `created`, `createdById`, `updated`, `updatedById`) values (16, 1, 'attribute_type1_product16', 1, NOW(), 100, NOW(), 100);
insert into productattribute(`productId`, `typeId`, `attribute`, `active`, `created`, `createdById`, `updated`, `updatedById`) values (16, 2, 'attribute_type2_product16', 1, NOW(), 100, NOW(), 100);
insert into productattribute(`productId`, `typeId`, `attribute`, `active`, `created`, `createdById`, `updated`, `updatedById`) values (16, 3, 'attribute_type3_product16', 1, NOW(), 100, NOW(), 100);
insert into productattribute(`productId`, `typeId`, `attribute`, `active`, `created`, `createdById`, `updated`, `updatedById`) values (16, 4, 'attribute_type4_product16', 1, NOW(), 100, NOW(), 100);
insert into productattribute(`productId`, `typeId`, `attribute`, `active`, `created`, `createdById`, `updated`, `updatedById`) values (16, 5, 'attribute_type5_product16', 1, NOW(), 100, NOW(), 100);
insert into productattribute(`productId`, `typeId`, `attribute`, `active`, `created`, `createdById`, `updated`, `updatedById`) values (16, 6, 'attribute_type6_product16', 1, NOW(), 100, NOW(), 100);
insert into productattribute(`productId`, `typeId`, `attribute`, `active`, `created`, `createdById`, `updated`, `updatedById`) values (16, 7, 'attribute_type7_product16', 1, NOW(), 100, NOW(), 100);
insert into productattribute(`productId`, `typeId`, `attribute`, `active`, `created`, `createdById`, `updated`, `updatedById`) values (16, 8, 'attribute_type8_product16', 1, NOW(), 100, NOW(), 100);
insert into productattribute(`productId`, `typeId`, `attribute`, `active`, `created`, `createdById`, `updated`, `updatedById`) values (17, 1, 'attribute_type1_product17', 1, NOW(), 100, NOW(), 100);
insert into productattribute(`productId`, `typeId`, `attribute`, `active`, `created`, `createdById`, `updated`, `updatedById`) values (17, 2, 'attribute_type2_product17', 1, NOW(), 100, NOW(), 100);
insert into productattribute(`productId`, `typeId`, `attribute`, `active`, `created`, `createdById`, `updated`, `updatedById`) values (17, 3, 'attribute_type3_product17', 1, NOW(), 100, NOW(), 100);
insert into productattribute(`productId`, `typeId`, `attribute`, `active`, `created`, `createdById`, `updated`, `updatedById`) values (17, 4, 'attribute_type4_product17', 1, NOW(), 100, NOW(), 100);
insert into productattribute(`productId`, `typeId`, `attribute`, `active`, `created`, `createdById`, `updated`, `updatedById`) values (17, 5, 'attribute_type5_product17', 1, NOW(), 100, NOW(), 100);
insert into productattribute(`productId`, `typeId`, `attribute`, `active`, `created`, `createdById`, `updated`, `updatedById`) values (17, 6, 'attribute_type6_product17', 1, NOW(), 100, NOW(), 100);
insert into productattribute(`productId`, `typeId`, `attribute`, `active`, `created`, `createdById`, `updated`, `updatedById`) values (17, 7, 'attribute_type7_product17', 1, NOW(), 100, NOW(), 100);
insert into productattribute(`productId`, `typeId`, `attribute`, `active`, `created`, `createdById`, `updated`, `updatedById`) values (17, 8, 'attribute_type8_product17', 1, NOW(), 100, NOW(), 100);
insert into productattribute(`productId`, `typeId`, `attribute`, `active`, `created`, `createdById`, `updated`, `updatedById`) values (18, 1, 'attribute_type1_product18', 1, NOW(), 100, NOW(), 100);
insert into productattribute(`productId`, `typeId`, `attribute`, `active`, `created`, `createdById`, `updated`, `updatedById`) values (18, 2, 'attribute_type2_product18', 1, NOW(), 100, NOW(), 100);
insert into productattribute(`productId`, `typeId`, `attribute`, `active`, `created`, `createdById`, `updated`, `updatedById`) values (18, 3, 'attribute_type3_product18', 1, NOW(), 100, NOW(), 100);
insert into productattribute(`productId`, `typeId`, `attribute`, `active`, `created`, `createdById`, `updated`, `updatedById`) values (18, 4, 'attribute_type4_product18', 1, NOW(), 100, NOW(), 100);
insert into productattribute(`productId`, `typeId`, `attribute`, `active`, `created`, `createdById`, `updated`, `updatedById`) values (18, 5, 'attribute_type5_product18', 1, NOW(), 100, NOW(), 100);
insert into productattribute(`productId`, `typeId`, `attribute`, `active`, `created`, `createdById`, `updated`, `updatedById`) values (18, 6, 'attribute_type6_product18', 1, NOW(), 100, NOW(), 100);
insert into productattribute(`productId`, `typeId`, `attribute`, `active`, `created`, `createdById`, `updated`, `updatedById`) values (18, 7, 'attribute_type7_product18', 1, NOW(), 100, NOW(), 100);
insert into productattribute(`productId`, `typeId`, `attribute`, `active`, `created`, `createdById`, `updated`, `updatedById`) values (18, 8, 'attribute_type8_product18', 1, NOW(), 100, NOW(), 100);
insert into productattribute(`productId`, `typeId`, `attribute`, `active`, `created`, `createdById`, `updated`, `updatedById`) values (19, 1, 'attribute_type1_product19', 1, NOW(), 100, NOW(), 100);
insert into productattribute(`productId`, `typeId`, `attribute`, `active`, `created`, `createdById`, `updated`, `updatedById`) values (19, 2, 'attribute_type2_product19', 1, NOW(), 100, NOW(), 100);
insert into productattribute(`productId`, `typeId`, `attribute`, `active`, `created`, `createdById`, `updated`, `updatedById`) values (19, 3, 'attribute_type3_product19', 1, NOW(), 100, NOW(), 100);
insert into productattribute(`productId`, `typeId`, `attribute`, `active`, `created`, `createdById`, `updated`, `updatedById`) values (19, 4, 'attribute_type4_product19', 1, NOW(), 100, NOW(), 100);
insert into productattribute(`productId`, `typeId`, `attribute`, `active`, `created`, `createdById`, `updated`, `updatedById`) values (19, 5, 'attribute_type5_product19', 1, NOW(), 100, NOW(), 100);
insert into productattribute(`productId`, `typeId`, `attribute`, `active`, `created`, `createdById`, `updated`, `updatedById`) values (19, 6, 'attribute_type6_product19', 1, NOW(), 100, NOW(), 100);
insert into productattribute(`productId`, `typeId`, `attribute`, `active`, `created`, `createdById`, `updated`, `updatedById`) values (19, 7, 'attribute_type7_product19', 1, NOW(), 100, NOW(), 100);
insert into productattribute(`productId`, `typeId`, `attribute`, `active`, `created`, `createdById`, `updated`, `updatedById`) values (19, 8, 'attribute_type8_product19', 1, NOW(), 100, NOW(), 100);
insert into productattribute(`productId`, `typeId`, `attribute`, `active`, `created`, `createdById`, `updated`, `updatedById`) values (20, 1, 'attribute_type1_product20', 1, NOW(), 100, NOW(), 100);
insert into productattribute(`productId`, `typeId`, `attribute`, `active`, `created`, `createdById`, `updated`, `updatedById`) values (20, 2, 'attribute_type2_product20', 1, NOW(), 100, NOW(), 100);
insert into productattribute(`productId`, `typeId`, `attribute`, `active`, `created`, `createdById`, `updated`, `updatedById`) values (20, 3, 'attribute_type3_product20', 1, NOW(), 100, NOW(), 100);
insert into productattribute(`productId`, `typeId`, `attribute`, `active`, `created`, `createdById`, `updated`, `updatedById`) values (20, 4, 'attribute_type4_product20', 1, NOW(), 100, NOW(), 100);
insert into productattribute(`productId`, `typeId`, `attribute`, `active`, `created`, `createdById`, `updated`, `updatedById`) values (20, 5, 'attribute_type5_product20', 1, NOW(), 100, NOW(), 100);
insert into productattribute(`productId`, `typeId`, `attribute`, `active`, `created`, `createdById`, `updated`, `updatedById`) values (20, 6, 'attribute_type6_product20', 1, NOW(), 100, NOW(), 100);
insert into productattribute(`productId`, `typeId`, `attribute`, `active`, `created`, `createdById`, `updated`, `updatedById`) values (20, 7, 'attribute_type7_product20', 1, NOW(), 100, NOW(), 100);
insert into productattribute(`productId`, `typeId`, `attribute`, `active`, `created`, `createdById`, `updated`, `updatedById`) values (20, 8, 'attribute_type8_product20', 1, NOW(), 100, NOW(), 100);
